Anio;Fecha
2021;1/1/2021
2021;15/2/2021
2021;16/2/2021
2021;24/3/2021
2021;2/4/2021
2021;1/5/2021
2021;24/5/2021
2021;25/5/2021
2021;20/6/2021
2021;21/6/2021
2021;9/7/2021
2021;16/8/2021
2021;8/10/2021
2021;11/10/2021
2021;20/11/2021
2021;22/11/2021
2021;8/12/2021
2021;25/12/2021
2022;1/1/2022
2022;28/2/2022
2022;1/3/2022
2022;24/3/2022
2022;2/4/2022
2022;15/4/2022
2022;1/5/2022
2022;18/5/2022
2022;25/5/2022
2022;17/6/2022
2022;20/6/2022
2022;9/7/2022
2022;15/8/2022
2022;7/10/2022
2022;10/10/2022
2022;20/11/2022
2022;21/11/2022
2022;8/12/2022
2022;9/12/2022
2022;25/12/2022
2023;1/1/2023
2023;20/2/2023
2023;21/2/2023
2023;24/3/2023
2023;2/4/2023
2023;7/4/2023
2023;1/5/2023
2023;25/5/2023
2023;26/5/2023
2023;17/6/2023
2023;19/6/2023
2023;20/6/2023
2023;9/7/2023
2023;21/8/2023
2023;13/10/2023
2023;16/10/2023
2023;20/11/2023
2023;8/12/2023
2023;25/12/2023
2024;1/1/2024
2024;12/2/2024
2024;13/2/2024
2024;24/3/2024
2024;29/3/2024
2024;1/4/2024
2024;2/4/2024
2024;1/5/2024
2024;25/5/2024
2024;17/6/2024
2024;20/6/2024
2024;21/6/2024
2024;9/7/2024
2024;17/8/2024
2024;11/10/2024
2024;12/10/2024
2024;18/11/2024
2024;8/12/2024
2024;25/12/2024
