<metadata xml:lang="es"><Esri><CreaDate>20210722</CreaDate><CreaTime>13121300</CreaTime><ArcGISFormat>1.0</ArcGISFormat><ArcGISstyle>North American Profile of ISO19115 2003</ArcGISstyle><SyncOnce>FALSE</SyncOnce><DataProperties><itemProps><itemName Sync="TRUE">Division_comisarias_vecinales_Julio21</itemName><imsContentType Sync="TRUE">002</imsContentType><itemLocation><linkage Sync="TRUE">file://\\DESKTOP-TTNQ77Q\C$\Users\Unknown\Desktop\GCBA\Laburo\Proyectos\Análisis delitos comisaria vecinal\Div Comisarias Julio 2021\Division_comisarias_vecinales_Julio21.shp</linkage><protocol Sync="TRUE">Local Area Network</protocol></itemLocation><itemSize Sync="TRUE">0.000</itemSize></itemProps><coordRef><type Sync="TRUE">Geographic</type><geogcsn Sync="TRUE">GCS_WGS_1984</geogcsn><csUnits Sync="TRUE">Angular Unit: Degree (0.017453)</csUnits><peXml Sync="TRUE">&lt;GeographicCoordinateSystem xsi:type='typens:GeographicCoordinateSystem' xmlns:xsi='http://www.w3.org/2001/XMLSchema-instance' xmlns:xs='http://www.w3.org/2001/XMLSchema' xmlns:typens='http://www.esri.com/schemas/ArcGIS/10.6'&gt;&lt;WKT&gt;GEOGCS[&amp;quot;GCS_WGS_1984&amp;quot;,DATUM[&amp;quot;D_WGS_1984&amp;quot;,SPHEROID[&amp;quot;WGS_1984&amp;quot;,6378137.0,298.257223563]],PRIMEM[&amp;quot;Greenwich&amp;quot;,0.0],UNIT[&amp;quot;Degree&amp;quot;,0.0174532925199433],AUTHORITY[&amp;quot;EPSG&amp;quot;,4326]]&lt;/WKT&gt;&lt;XOrigin&gt;-400&lt;/XOrigin&gt;&lt;YOrigin&gt;-400&lt;/YOrigin&gt;&lt;XYScale&gt;11258999068426.238&lt;/XYScale&gt;&lt;ZOrigin&gt;-100000&lt;/ZOrigin&gt;&lt;ZScale&gt;10000&lt;/ZScale&gt;&lt;MOrigin&gt;-100000&lt;/MOrigin&gt;&lt;MScale&gt;10000&lt;/MScale&gt;&lt;XYTolerance&gt;8.983152841195215e-09&lt;/XYTolerance&gt;&lt;ZTolerance&gt;0.001&lt;/ZTolerance&gt;&lt;MTolerance&gt;0.001&lt;/MTolerance&gt;&lt;HighPrecision&gt;true&lt;/HighPrecision&gt;&lt;LeftLongitude&gt;-180&lt;/LeftLongitude&gt;&lt;WKID&gt;4326&lt;/WKID&gt;&lt;LatestWKID&gt;4326&lt;/LatestWKID&gt;&lt;/GeographicCoordinateSystem&gt;</peXml></coordRef><lineage><Process ToolSource="c:\program files (x86)\arcgis\desktop10.6\ArcToolbox\Toolboxes\Conversion Tools.tbx\FeatureClassToFeatureClass" Date="20210722" Time="131214">FeatureClassToFeatureClass "C:\Users\Unknown\Desktop\GCBA\Laburo\Proyectos\Análisis delitos comisaria vecinal\Div Comisarias Julio 2021\division_com_vec_julio2021.shp" "C:\Users\Unknown\Desktop\GCBA\Laburo\Proyectos\Análisis delitos comisaria vecinal\Div Comisarias Julio 2021\Topo.gdb\Topo" Div_comvecinales_julio21 # "fid_1 "fid_1" true true false 20 Double 0 20 ,First,#,C:\Users\Unknown\Desktop\GCBA\Laburo\Proyectos\Análisis delitos comisaria vecinal\Div Comisarias Julio 2021\division_com_vec_julio2021.shp,fid_1,-1,-1;Id "Id" true true false 10 Long 0 10 ,First,#,C:\Users\Unknown\Desktop\GCBA\Laburo\Proyectos\Análisis delitos comisaria vecinal\Div Comisarias Julio 2021\division_com_vec_julio2021.shp,Id,-1,-1;Nombre "Nombre" true true false 254 Text 0 0 ,First,#,C:\Users\Unknown\Desktop\GCBA\Laburo\Proyectos\Análisis delitos comisaria vecinal\Div Comisarias Julio 2021\division_com_vec_julio2021.shp,Nombre,-1,-1;Comuna "Comuna" true true false 10 Long 0 10 ,First,#,C:\Users\Unknown\Desktop\GCBA\Laburo\Proyectos\Análisis delitos comisaria vecinal\Div Comisarias Julio 2021\division_com_vec_julio2021.shp,Comuna,-1,-1;departamen "departamen" true true false 254 Text 0 0 ,First,#,C:\Users\Unknown\Desktop\GCBA\Laburo\Proyectos\Análisis delitos comisaria vecinal\Div Comisarias Julio 2021\division_com_vec_julio2021.shp,departamen,-1,-1;division "division" true true false 254 Text 0 0 ,First,#,C:\Users\Unknown\Desktop\GCBA\Laburo\Proyectos\Análisis delitos comisaria vecinal\Div Comisarias Julio 2021\division_com_vec_julio2021.shp,division,-1,-1;objeto "objeto" true true false 254 Text 0 0 ,First,#,C:\Users\Unknown\Desktop\GCBA\Laburo\Proyectos\Análisis delitos comisaria vecinal\Div Comisarias Julio 2021\division_com_vec_julio2021.shp,objeto,-1,-1;C-Comunal "C-Comunal" true true false 254 Text 0 0 ,First,#,C:\Users\Unknown\Desktop\GCBA\Laburo\Proyectos\Análisis delitos comisaria vecinal\Div Comisarias Julio 2021\division_com_vec_julio2021.shp,C-Comunal,-1,-1;C-Vecinal "C-Vecinal" true true false 254 Text 0 0 ,First,#,C:\Users\Unknown\Desktop\GCBA\Laburo\Proyectos\Análisis delitos comisaria vecinal\Div Comisarias Julio 2021\division_com_vec_julio2021.shp,C-Vecinal,-1,-1;Area "Area" true true false 254 Text 0 0 ,First,#,C:\Users\Unknown\Desktop\GCBA\Laburo\Proyectos\Análisis delitos comisaria vecinal\Div Comisarias Julio 2021\division_com_vec_julio2021.shp,Area,-1,-1" #</Process><Process ToolSource="c:\program files (x86)\arcgis\desktop10.6\ArcToolbox\Toolboxes\Conversion Tools.tbx\FeatureClassToFeatureClass" Date="20210728" Time="135719">FeatureClassToFeatureClass "C:\Users\Unknown\Desktop\GCBA\Laburo\Proyectos\Análisis delitos comisaria vecinal\Div Comisarias Julio 2021\Topo.gdb\Topo\Div_comvecinales_julio21" "C:\Users\Unknown\Desktop\GCBA\Laburo\Proyectos\Análisis delitos comisaria vecinal\Div Comisarias Julio 2021" Division_comisarias_vecinales_Julio21.shp # "fid_1 "fid_1" true true false 8 Double 0 0 ,First,#,C:\Users\Unknown\Desktop\GCBA\Laburo\Proyectos\Análisis delitos comisaria vecinal\Div Comisarias Julio 2021\Topo.gdb\Topo\Div_comvecinales_julio21,fid_1,-1,-1;Id "Id" true true false 4 Long 0 0 ,First,#,C:\Users\Unknown\Desktop\GCBA\Laburo\Proyectos\Análisis delitos comisaria vecinal\Div Comisarias Julio 2021\Topo.gdb\Topo\Div_comvecinales_julio21,Id,-1,-1;Nombre "Nombre" true true false 254 Text 0 0 ,First,#,C:\Users\Unknown\Desktop\GCBA\Laburo\Proyectos\Análisis delitos comisaria vecinal\Div Comisarias Julio 2021\Topo.gdb\Topo\Div_comvecinales_julio21,Nombre,-1,-1;Comuna "Comuna" true true false 4 Long 0 0 ,First,#,C:\Users\Unknown\Desktop\GCBA\Laburo\Proyectos\Análisis delitos comisaria vecinal\Div Comisarias Julio 2021\Topo.gdb\Topo\Div_comvecinales_julio21,Comuna,-1,-1;departamen "departamen" true true false 254 Text 0 0 ,First,#,C:\Users\Unknown\Desktop\GCBA\Laburo\Proyectos\Análisis delitos comisaria vecinal\Div Comisarias Julio 2021\Topo.gdb\Topo\Div_comvecinales_julio21,departamen,-1,-1;division "division" true true false 254 Text 0 0 ,First,#,C:\Users\Unknown\Desktop\GCBA\Laburo\Proyectos\Análisis delitos comisaria vecinal\Div Comisarias Julio 2021\Topo.gdb\Topo\Div_comvecinales_julio21,division,-1,-1;objeto "objeto" true true false 254 Text 0 0 ,First,#,C:\Users\Unknown\Desktop\GCBA\Laburo\Proyectos\Análisis delitos comisaria vecinal\Div Comisarias Julio 2021\Topo.gdb\Topo\Div_comvecinales_julio21,objeto,-1,-1;C_Comunal "C_Comunal" true true false 254 Text 0 0 ,First,#,C:\Users\Unknown\Desktop\GCBA\Laburo\Proyectos\Análisis delitos comisaria vecinal\Div Comisarias Julio 2021\Topo.gdb\Topo\Div_comvecinales_julio21,C_Comunal,-1,-1;C_Vecinal "C_Vecinal" true true false 254 Text 0 0 ,First,#,C:\Users\Unknown\Desktop\GCBA\Laburo\Proyectos\Análisis delitos comisaria vecinal\Div Comisarias Julio 2021\Topo.gdb\Topo\Div_comvecinales_julio21,C_Vecinal,-1,-1;Area "Area" true true false 254 Text 0 0 ,First,#,C:\Users\Unknown\Desktop\GCBA\Laburo\Proyectos\Análisis delitos comisaria vecinal\Div Comisarias Julio 2021\Topo.gdb\Topo\Div_comvecinales_julio21,Area,-1,-1" #</Process></lineage></DataProperties><SyncDate>20210728</SyncDate><SyncTime>13571700</SyncTime><ModDate>20210728</ModDate><ModTime>13571700</ModTime></Esri><dataIdInfo><envirDesc Sync="TRUE"> Version 6.2 (Build 9200) ; Esri ArcGIS 10.6.0.8321</envirDesc><dataLang><languageCode value="spa" Sync="TRUE"></languageCode><countryCode value="ARG" Sync="TRUE"></countryCode></dataLang><idCitation><resTitle Sync="TRUE">Division_comisarias_vecinales_Julio21</resTitle><presForm><PresFormCd value="005" Sync="TRUE"></PresFormCd></presForm></idCitation><spatRpType><SpatRepTypCd value="001" Sync="TRUE"></SpatRepTypCd></spatRpType></dataIdInfo><mdLang><languageCode value="spa" Sync="TRUE"></languageCode><countryCode value="ARG" Sync="TRUE"></countryCode></mdLang><distInfo><distFormat><formatName Sync="TRUE">Shapefile</formatName></distFormat><distTranOps><transSize Sync="TRUE">0.000</transSize></distTranOps></distInfo><mdHrLv><ScopeCd value="005" Sync="TRUE"></ScopeCd></mdHrLv><mdHrLvName Sync="TRUE">dataset</mdHrLvName><refSysInfo><RefSystem><refSysID><identCode code="4326" Sync="TRUE"></identCode><idCodeSpace Sync="TRUE">EPSG</idCodeSpace><idVersion Sync="TRUE">6.14(3.0.1)</idVersion></refSysID></RefSystem></refSysInfo><spatRepInfo><VectSpatRep><geometObjs Name="Division_comisarias_vecinales_Julio21"><geoObjTyp><GeoObjTypCd value="002" Sync="TRUE"></GeoObjTypCd></geoObjTyp><geoObjCnt Sync="TRUE">0</geoObjCnt></geometObjs><topLvl><TopoLevCd value="001" Sync="TRUE"></TopoLevCd></topLvl></VectSpatRep></spatRepInfo><spdoinfo><ptvctinf><esriterm Name="Division_comisarias_vecinales_Julio21"><efeatyp Sync="TRUE">Simple</efeatyp><efeageom code="4" Sync="TRUE"></efeageom><esritopo Sync="TRUE">FALSE</esritopo><efeacnt Sync="TRUE">0</efeacnt><spindex Sync="TRUE">FALSE</spindex><linrefer Sync="TRUE">FALSE</linrefer></esriterm></ptvctinf></spdoinfo><eainfo><detailed Name="Division_comisarias_vecinales_Julio21"><enttyp><enttypl Sync="TRUE">Division_comisarias_vecinales_Julio21</enttypl><enttypt Sync="TRUE">Feature Class</enttypt><enttypc Sync="TRUE">0</enttypc></enttyp><attr><attrlabl Sync="TRUE">FID</attrlabl><attalias Sync="TRUE">FID</attalias><attrtype Sync="TRUE">OID</attrtype><attwidth Sync="TRUE">4</attwidth><atprecis Sync="TRUE">0</atprecis><attscale Sync="TRUE">0</attscale><attrdef Sync="TRUE">Internal feature number.</attrdef><attrdefs Sync="TRUE">Esri</attrdefs><attrdomv><udom Sync="TRUE">Sequential unique whole numbers that are automatically generated.</udom></attrdomv></attr><attr><attrlabl Sync="TRUE">Shape</attrlabl><attalias Sync="TRUE">Shape</attalias><attrtype Sync="TRUE">Geometry</attrtype><attwidth Sync="TRUE">0</attwidth><atprecis Sync="TRUE">0</atprecis><attscale Sync="TRUE">0</attscale><attrdef Sync="TRUE">Feature geometry.</attrdef><attrdefs Sync="TRUE">Esri</attrdefs><attrdomv><udom Sync="TRUE">Coordinates defining the features.</udom></attrdomv></attr><attr><attrlabl Sync="TRUE">fid_1</attrlabl><attalias Sync="TRUE">fid_1</attalias><attrtype Sync="TRUE">Double</attrtype><attwidth Sync="TRUE">19</attwidth><atprecis Sync="TRUE">0</atprecis><attscale Sync="TRUE">0</attscale></attr><attr><attrlabl Sync="TRUE">Id</attrlabl><attalias Sync="TRUE">Id</attalias><attrtype Sync="TRUE">Integer</attrtype><attwidth Sync="TRUE">10</attwidth><atprecis Sync="TRUE">10</atprecis><attscale Sync="TRUE">0</attscale></attr><attr><attrlabl Sync="TRUE">Nombre</attrlabl><attalias Sync="TRUE">Nombre</attalias><attrtype Sync="TRUE">String</attrtype><attwidth Sync="TRUE">254</attwidth><atprecis Sync="TRUE">0</atprecis><attscale Sync="TRUE">0</attscale></attr><attr><attrlabl Sync="TRUE">Comuna</attrlabl><attalias Sync="TRUE">Comuna</attalias><attrtype Sync="TRUE">Integer</attrtype><attwidth Sync="TRUE">10</attwidth><atprecis Sync="TRUE">10</atprecis><attscale Sync="TRUE">0</attscale></attr><attr><attrlabl Sync="TRUE">departamen</attrlabl><attalias Sync="TRUE">departamen</attalias><attrtype Sync="TRUE">String</attrtype><attwidth Sync="TRUE">254</attwidth><atprecis Sync="TRUE">0</atprecis><attscale Sync="TRUE">0</attscale></attr><attr><attrlabl Sync="TRUE">division</attrlabl><attalias Sync="TRUE">division</attalias><attrtype Sync="TRUE">String</attrtype><attwidth Sync="TRUE">254</attwidth><atprecis Sync="TRUE">0</atprecis><attscale Sync="TRUE">0</attscale></attr><attr><attrlabl Sync="TRUE">objeto</attrlabl><attalias Sync="TRUE">objeto</attalias><attrtype Sync="TRUE">String</attrtype><attwidth Sync="TRUE">254</attwidth><atprecis Sync="TRUE">0</atprecis><attscale Sync="TRUE">0</attscale></attr><attr><attrlabl Sync="TRUE">C_Comunal</attrlabl><attalias Sync="TRUE">C_Comunal</attalias><attrtype Sync="TRUE">String</attrtype><attwidth Sync="TRUE">254</attwidth><atprecis Sync="TRUE">0</atprecis><attscale Sync="TRUE">0</attscale></attr><attr><attrlabl Sync="TRUE">C_Vecinal</attrlabl><attalias Sync="TRUE">C_Vecinal</attalias><attrtype Sync="TRUE">String</attrtype><attwidth Sync="TRUE">254</attwidth><atprecis Sync="TRUE">0</atprecis><attscale Sync="TRUE">0</attscale></attr><attr><attrlabl Sync="TRUE">Area</attrlabl><attalias Sync="TRUE">Area</attalias><attrtype Sync="TRUE">String</attrtype><attwidth Sync="TRUE">254</attwidth><atprecis Sync="TRUE">0</atprecis><attscale Sync="TRUE">0</attscale></attr></detailed></eainfo><mdDateSt Sync="TRUE">20210728</mdDateSt></metadata>
